{
  "dataset_rows": 8173,
  "cv_folds": 5,
  "baseline_v1": {
    "duration": {
      "median_ae_minutes": 35.0,
      "r2_log": 0.2
    },
    "closure": {
      "roc_auc": 0.794
    },
    "major": {
      "roc_auc": 0.883
    }
  },
  "duration": {
    "n": 2901,
    "n_splits": 5,
    "best_params": {
      "reg__learning_rate": 0.010129561415313517,
      "reg__max_leaf_nodes": 208,
      "reg__max_iter": 337,
      "reg__min_samples_leaf": 15,
      "reg__l2_regularization": 7.530901109200336
    },
    "median_ae_minutes": 31.443135651307507,
    "rmsle": 1.2455580027265782,
    "within_2x": 0.500172117039587,
    "cv_random": {
      "mae_minutes": {
        "mean": 197.12319258983413,
        "std": 10.48801345901812,
        "folds": [
          189.29,
          198.5074,
          208.7641,
          181.5325,
          207.5221
        ]
      },
      "median_ae_minutes": {
        "mean": 31.443135651307507,
        "std": 1.6351507167942494,
        "folds": [
          32.6916,
          30.2993,
          33.4403,
          28.9253,
          31.8592
        ]
      },
      "rmsle": {
        "mean": 1.2455580027265782,
        "std": 0.04150020514338636,
        "folds": [
          1.267,
          1.2304,
          1.2998,
          1.1756,
          1.2549
        ]
      },
      "within_2x": {
        "mean": 0.500172117039587,
        "std": 0.004888732958867738,
        "folds": [
          0.5009,
          0.5069,
          0.4931,
          0.5034,
          0.4966
        ]
      }
    },
    "cv_temporal": {
      "mae_minutes": {
        "mean": 259.11923679215323,
        "std": 0.0,
        "folds": [
          259.1192
        ]
      },
      "median_ae_minutes": {
        "mean": 45.69946242552808,
        "std": 0.0,
        "folds": [
          45.6995
        ]
      },
      "rmsle": {
        "mean": 1.4310839594046116,
        "std": 0.0,
        "folds": [
          1.4311
        ]
      },
      "within_2x": {
        "mean": 0.423407917383821,
        "std": 0.0,
        "folds": [
          0.4234
        ]
      }
    },
    "cv_group": {
      "mae_minutes": {
        "mean": 207.98017625899428,
        "std": 46.85258473957994,
        "folds": [
          164.7414,
          221.6961,
          285.8042,
          212.9417,
          154.7175
        ]
      },
      "median_ae_minutes": {
        "mean": 34.09803264334777,
        "std": 8.690543515506954,
        "folds": [
          26.2053,
          30.9298,
          50.1223,
          35.8708,
          27.362
        ]
      },
      "rmsle": {
        "mean": 1.2763316533061952,
        "std": 0.053643444435132887,
        "folds": [
          1.2961,
          1.2048,
          1.3429,
          1.3155,
          1.2223
        ]
      },
      "within_2x": {
        "mean": 0.4778033989479236,
        "std": 0.033596988688638245,
        "folds": [
          0.4801,
          0.5129,
          0.42,
          0.4674,
          0.5087
        ]
      }
    },
    "feature_importance": [
      {
        "feature": "description_text",
        "importance": 0.24454
      },
      {
        "feature": "long_lived_cause",
        "importance": 0.10419
      },
      {
        "feature": "event_cause",
        "importance": 0.10362
      },
      {
        "feature": "junction",
        "importance": 0.09862
      },
      {
        "feature": "police_station",
        "importance": 0.06476
      },
      {
        "feature": "veh_type",
        "importance": 0.02751
      },
      {
        "feature": "dist_to_center",
        "importance": 0.02591
      },
      {
        "feature": "hour_sin",
        "importance": 0.02523
      },
      {
        "feature": "latitude",
        "importance": 0.02472
      },
      {
        "feature": "longitude",
        "importance": 0.02149
      },
      {
        "feature": "days_to_holiday",
        "importance": 0.01657
      },
      {
        "feature": "desc_length",
        "importance": 0.01433
      },
      {
        "feature": "cluster_id",
        "importance": 0.01285
      },
      {
        "feature": "month",
        "importance": 0.01187
      },
      {
        "feature": "corridor_density",
        "importance": 0.01097
      }
    ]
  },
  "closure": {
    "n": 8173,
    "n_splits": 5,
    "best_params": {
      "clf__learning_rate": 0.011388430207317881,
      "clf__max_leaf_nodes": 26,
      "clf__max_iter": 605,
      "clf__min_samples_leaf": 21,
      "clf__l2_regularization": 9.57804945489071
    },
    "positive_rate": 0.08271136669521595,
    "roc_auc": 0.8573316811255918,
    "pr_auc": 0.4995980004459419,
    "threshold": 0.275,
    "cv_random": {
      "roc_auc": {
        "mean": 0.8573316811255918,
        "std": 0.01056791111273873,
        "folds": [
          0.8662,
          0.8493,
          0.8407,
          0.8624,
          0.868
        ]
      },
      "pr_auc": {
        "mean": 0.4995980004459419,
        "std": 0.033076526595294135,
        "folds": [
          0.5444,
          0.4726,
          0.4519,
          0.5132,
          0.5159
        ]
      },
      "accuracy": {
        "mean": 0.9265877623437728,
        "std": 0.0023780409134829318,
        "folds": [
          0.9272,
          0.9284,
          0.9223,
          0.929,
          0.9259
        ]
      }
    },
    "cv_temporal": {
      "roc_auc": {
        "mean": 0.8274056510571033,
        "std": 0.0,
        "folds": [
          0.8274
        ]
      },
      "pr_auc": {
        "mean": 0.3377150626022953,
        "std": 0.0,
        "folds": [
          0.3377
        ]
      },
      "accuracy": {
        "mean": 0.8844036697247707,
        "std": 0.0,
        "folds": [
          0.8844
        ]
      }
    },
    "cv_group": {
      "roc_auc": {
        "mean": 0.8392119864599467,
        "std": 0.027485157989019775,
        "folds": [
          0.8245,
          0.8077,
          0.8751,
          0.8196,
          0.8691
        ]
      },
      "pr_auc": {
        "mean": 0.4680379037946535,
        "std": 0.06596108780400976,
        "folds": [
          0.3935,
          0.4667,
          0.564,
          0.3998,
          0.5162
        ]
      },
      "accuracy": {
        "mean": 0.9269861285182589,
        "std": 0.014082600463281782,
        "folds": [
          0.9136,
          0.9112,
          0.9479,
          0.9379,
          0.9243
        ]
      }
    },
    "feature_importance": [
      {
        "feature": "description_text",
        "importance": 0.09912
      },
      {
        "feature": "junction",
        "importance": 0.03974
      },
      {
        "feature": "event_cause",
        "importance": 0.01352
      },
      {
        "feature": "police_station",
        "importance": 0.00703
      },
      {
        "feature": "desc_length",
        "importance": 0.00623
      },
      {
        "feature": "cluster_id",
        "importance": 0.00542
      },
      {
        "feature": "longitude",
        "importance": 0.00511
      },
      {
        "feature": "dist_to_center",
        "importance": 0.00457
      },
      {
        "feature": "latitude",
        "importance": 0.00452
      },
      {
        "feature": "days_to_holiday",
        "importance": 0.00446
      },
      {
        "feature": "event_type",
        "importance": 0.00419
      },
      {
        "feature": "month",
        "importance": 0.00356
      },
      {
        "feature": "hour",
        "importance": 0.00325
      },
      {
        "feature": "junction_density",
        "importance": 0.0031
      },
      {
        "feature": "corridor",
        "importance": 0.00297
      }
    ]
  },
  "major": {
    "n": 2901,
    "n_splits": 5,
    "best_params": {
      "clf__learning_rate": 0.025693199021263102,
      "clf__max_leaf_nodes": 255,
      "clf__max_iter": 248,
      "clf__min_samples_leaf": 15,
      "clf__l2_regularization": 6.188016335968858
    },